<?xml version="1.0"?>
<project>
  <extend>../project.xml</extend>
  <id>gj-tools</id>
  <name>GenJava-Tools</name>
  <currentVersion>1.0</currentVersion>
  <inceptionYear>2002</inceptionYear>
  
  <description>
    A Tools API to make it simpler to write command line tools.
  </description>
  
  <shortDescription>Tools API</shortDescription>

  <dependencies>
    <dependency>
      <id>commons-lang</id>
      <version>2.0</version>
      <url>http://jakarta.apache.org/commons/lang.html</url>
    </dependency>
    <dependency>
      <id>commons-cli</id>
      <version>1.0</version>
      <url>http://jakarta.apache.org/commons/cli/</url>
    </dependency>
    <dependency>
      <id>commons-collections</id>
      <version>2.1</version>
      <url>http://jakarta.apache.org/commons/collections.html</url>
    </dependency>
    <dependency>
      <artifactId>gj-core</artifactId>
      <groupId>genjava</groupId>
      <version>3.0</version>
    </dependency>
  </dependencies>

</project>

