<?xml version="1.0"?>
<project>
  
  <pomVersion>3</pomVersion>
  <id>norbert</id>
  <name>norbert</name>
  <currentVersion>0.1.1</currentVersion>
  <organization>
    <name>OSJava</name>
    <url>http://www.osjava.org/</url>
    <logo>http://www.osjava.org/images/osjava.gif</logo>
  </organization>
  <inceptionYear>2003</inceptionYear>
  <package>org.osjava.norbert</package>
  <logo>http://www.osjava.org/images/1x1.gif</logo>
  
  <description>
  A handler for robots.txt, as described in http://www.robotstxt.org/wc/norobots-rfc.html.
  </description>
  
  <shortDescription>A handler for robots.txt</shortDescription>

  <url>http://www.osjava.org/</url>
  <!--
  <issueTrackingUrl>http://nagoya.apache.org/scarab/servlet/scarab/</issueTrackingUrl>
  -->
  <siteAddress>www.generationjava.com/maven/norbert</siteAddress>
  <siteDirectory>/sites/org/osjava/www/maven/norbert/</siteDirectory>
  <distributionDirectory>/sites/org/osjava/www/releases/official/</distributionDirectory>

  <repository>
    <connection>scm:cvs:ext:hen@orinoco.flamefew.net:/var/cvs:norbert</connection>
    <url>http://www.generationjava.com/view-cvs/viewcvs.cgi/norbert/</url>
  </repository>

  <mailingLists>
    <mailingList>
      <name>osjava-users</name>
      <subscribe>http://lists.flamefew.net/mailman/listinfo/osjava-users</subscribe>
      <unsubscribe>http://lists.flamefew.net/mailman/listinfo/osjava-users</unsubscribe>
      <archive>http://lists.flamefew.net/mailman/private/osjava-users/</archive>
    </mailingList>
  </mailingLists>

  <developers>

    <developer>
      <name>Henri Yandell</name>
      <id>hen</id>
      <email>bayard@generationjava.com</email>
      <organization>GenerationJava</organization>
      <roles>
        <role>Java Developer</role>
      </roles>
    </developer>

  </developers>

  
  <dependencies>
    <dependency>
      <id>log4j</id>
      <version>1.2.7</version>
      <url>http://jakarta.apache.org/log4j/</url>
    </dependency>
    <dependency>
      <id>genjava-core</id>
      <version>2.0</version>
      <url>http://www.generationjava.com/</url>
    </dependency>
    <dependency>
      <id>commons-lang</id>
      <version>1.0</version>
      <url>http://jakarta.apache.org/commons/lang.html</url>
    </dependency>
  </dependencies>

  <build>

    <nagEmailAddress>bayard@www.generationjava.com</nagEmailAddress>

    <sourceDirectory>src/java</sourceDirectory>

    <unitTestSourceDirectory>src/test</unitTestSourceDirectory>

    <unitTest>
      <includes>
        <include>**/*Test.java</include>
      </includes>
    </unitTest>

  </build>
</project>

