<?xml version="1.0"?>
<project>
  
  <pomVersion>3</pomVersion>
  <id>mudclient</id>
  <name>mudclient</name>
  <currentVersion>0.2</currentVersion>
  <organization>
    <name>OSJava</name>
    <url>http://www.osjava.org/</url>
    <logo>/images/osjava.gif</logo>
  </organization>
  <inceptionYear>2003</inceptionYear>
  <package>org.cyberiantiger</package>
  <logo>/images/1x1.gif</logo>
  
  <!-- Gump integration -->
  <gumpRepositoryId>mudclient</gumpRepositoryId>

  <description>
  If you want to connect to any mud other than elephant.org you'll
  currently have to hack the source code, as there's some elephant specific
  code in there. [support of their "external client mode"]
  </description>
  
  <shortDescription>A mudclient</shortDescription>

  <url>http://www.osjava.org/mudclient/</url>
  <issueTrackingUrl>http://www.osjava.org:8080/jira/secure/BrowseProject.jspa?id=10011</issueTrackingUrl>
  <siteAddress>www.osjava.org/maven/mudclient</siteAddress>
  <siteDirectory>/sites/org/osjava/www/maven/genjava/mudclient/</siteDirectory>
  <distributionDirectory>/sites/org/osjava/www/maven/builds/</distributionDirectory>

  <!--
  <repository>
    <connection>scm:cvs:ext:hen@umbongo.flamefew.net:/var/publiccvs:mudclient</connection>
    <url>http://www.osjava.org/view-cvs/viewcvs.cgi/mudclient/</url>
  </repository>
  -->

  <versions>
    <version>
      <id>1.0</id>
      <name>1.0</name>
      <tag>HEAD</tag>
    </version>
  </versions>

  <branches>
  </branches>

  <!--
  <mailingLists>
    <mailingList>
    </mailingList>
  </mailingLists>
  -->

  <developers>

    <developer>
      <name>Antony Riley</name>
      <id>antony</id>
      <email>antony@cyberiantiger.org</email>
      <organization>Cyberiantiger.org</organization>
      <roles>
        <role>Java Developer</role>
      </roles>
    </developer>

  </developers>

  <contributors>
  </contributors>
  
  <dependencies>
  </dependencies>

  <build>

    <nagEmailAddress>antony@www.osjava.org</nagEmailAddress>

    <sourceDirectory>src/java</sourceDirectory>
    <unitTestSourceDirectory>src/test</unitTestSourceDirectory>

    <unitTest>
      <resources>
        <resource>
          <directory>src/test/config</directory>
          <targetPath>config</targetPath>
        </resource>
        <resource>
          <directory>src/test</directory>
          <includes>
            <include>jndi.properties</include>
          </includes>
        </resource>
      </resources>
      <includes>
        <include>**/*Test.java</include>
      </includes>
    </unitTest>

    <!-- J A R  R E S O U R C E S -->
    <!-- Resources that are packaged up inside the JAR file -->

    <jarResources>
    </jarResources>

    <jars>
    </jars>
  </build>
</project>

