<?xml version="1.0"?>
<project>
  <extend>../project.xml</extend>
  <id>gj-gui</id>
  <name>GenJava-GUI</name>
  <currentVersion>0.1</currentVersion>
  <inceptionYear>2002</inceptionYear>
  
  <description>
    AWT/Swing Components
  </description>
  
  <shortDescription>AWT/Swing Components</shortDescription>

  <dependencies>
    <dependency>
      <id>commons-lang</id>
      <version>2.0</version>
      <url>http://jakarta.apache.org/commons/lang.html</url>
    </dependency>
    <dependency>
      <id>commons-collections</id>
      <version>2.1</version>
      <url>http://jakarta.apache.org/commons/collections.html</url>
    </dependency>
    <dependency>
      <artifactId>gj-core</artifactId>
      <groupId>genjava</groupId>
      <version>3.0</version>
    </dependency>
    <dependency>
      <artifactId>gj-beans</artifactId>
      <groupId>genjava</groupId>
      <version>1.0</version>
    </dependency>
  </dependencies>

</project>

