<?xml version="1.0"?>
<project>
  
  <pomVersion>3</pomVersion>
  <id>genjava-core</id>
  <name>genjava-core</name>
  <currentVersion>2.2</currentVersion>
  <organization>
    <name>OSJava</name>
    <url>http://www.osjava.org/</url>
    <logo>/images/osjava.gif</logo>
  </organization>
  <inceptionYear>2000</inceptionYear>
  <package>com.generationjava</package>
  <logo>/images/1x1.gif</logo>
  
  <!-- Gump integration -->
  <gumpRepositoryId>genjava-core</gumpRepositoryId>

  <description>
     A re-usable library of Java classes. Originally stand-alone, many of the classes have since gone into various parts of the Jakarta Commons project, and thus this package contains various dependencies. 
  </description>
  
  <shortDescription>Core code</shortDescription>

  <url>http://www.osjava.org/genjava-core/</url>
  <issueTrackingUrl>http://www.osjava.org:8080/jira/secure/BrowseProject.jspa?id=10010</issueTrackingUrl>
  <siteAddress>www.generationjava.com/maven/genjava-core</siteAddress>
  <siteDirectory>/sites/org/osjava/www/releases/official/genjava-core/</siteDirectory>
  <distributionDirectory>/sites/org/osjava/www/releases/official/genjava-core/</distributionDirectory>

  <repository>
    <connection>scm:cvs:ext:hen@umbongo.flamefew.net:/var/publiccvs:genjava-core</connection>
    <url>http://www.generationjava.com/view-cvs/viewcvs.cgi/genjava-core/</url>
  </repository>

  <versions>
    <version>
      <id>2.1</id>
      <name>2.1</name>
      <tag>HEAD</tag>
    </version>
  </versions>

  <branches>
  </branches>

  <!--
  <mailingLists>
    <mailingList>
    </mailingList>
  </mailingLists>
  -->

  <developers>

    <developer>
      <name>Henri Yandell</name>
      <id>hen</id>
      <email>bayard@generationjava.com</email>
      <organization>GenerationJava</organization>
      <roles>
        <role>Java Developer</role>
      </roles>
    </developer>

  </developers>

  <contributors>
    <contributor>
      <name>Steve Heath</name>
      <email>steve@smallcogs.com</email>
    </contributor>
    
  </contributors>
  
  <!-- Need to mark these as compile-time/run-time -->

  <dependencies>
    <dependency>
      <id>servletapi</id>
      <version>2.3</version>
    </dependency>
    <dependency>
      <id>javamail</id>
      <version>1.2</version>
    </dependency>
    <dependency>
      <id>commons-lang</id>
      <version>1.0</version>
      <url>http://jakarta.apache.org/commons/lang.html</url>
    </dependency>
    <dependency>
      <id>commons-cli</id>
      <version>1.0</version>
      <url>http://jakarta.apache.org/commons/cli/</url>
    </dependency>
    <dependency>
      <id>commons-collections</id>
      <version>2.1</version>
      <url>http://jakarta.apache.org/commons/collections.html</url>
    </dependency>
  </dependencies>

  <build>

    <nagEmailAddress>bayard@www.generationjava.com</nagEmailAddress>

    <sourceDirectory>src/java</sourceDirectory>

    <unitTestSourceDirectory>src/test</unitTestSourceDirectory>

    <unitTest>
      <includes>
        <include>**/*Test.java</include>
      </includes>
    </unitTest>

    <!-- J A R  R E S O U R C E S -->
    <!-- Resources that are packaged up inside the JAR file -->

    <jarResources>
        <jarResource>include = *.properties</jarResource>
    </jarResources>

    <jars>
    </jars>
  </build>
</project>

