<?xml version="1.0"?>
<project>
  <extend>../project.xml</extend>
  <id>gj-beans</id>
  <name>GenJava-Beans</name>
  <currentVersion>1.0</currentVersion>
  <inceptionYear>2002</inceptionYear>
  
  <description>
    BeanViewer. Similar to Jakarta BeanUtils and thus deprecated in favour of that code.
  </description>
  
  <shortDescription>BeanViewer</shortDescription>

  <dependencies>
    <dependency>
      <artifactId>gj-core</artifactId>
      <groupId>genjava</groupId>
      <version>3.0</version>
    </dependency>
    <dependency>
      <id>commons-lang</id>
      <version>2.0</version>
      <url>http://jakarta.apache.org/commons/lang.html</url>
    </dependency>
    <dependency>
      <id>commons-collections</id>
      <version>2.1</version>
      <url>http://jakarta.apache.org/commons/collections.html</url>
    </dependency>
  </dependencies>

</project>

