<?xml version="1.0"?>
<project>
  <extend>../project.xml</extend>
  <id>gj-servlet</id>
  <name>GenJava-Servlet</name>
  <currentVersion>1.0</currentVersion>
  <inceptionYear>2002</inceptionYear>
  
  <description>
    Servlet Components
  </description>
  
  <shortDescription>Servlet Components</shortDescription>

  <dependencies>
    <dependency>
      <id>servletapi</id>
      <version>2.3</version>
    </dependency>
    <dependency>
      <id>commons-collections</id>
      <version>2.1</version>
      <url>http://jakarta.apache.org/commons/collections.html</url>
    </dependency>
    <dependency>
      <artifactId>gj-core</artifactId>
      <groupId>genjava</groupId>
      <version>3.0</version>
    </dependency>
  </dependencies>

</project>

