<?xml version="1.0"?>
<project>
  <extend>../project.xml</extend>
  <id>gj-xml</id>
  <name>GenJava-XML</name>
  <currentVersion>1.0</currentVersion>
  <inceptionYear>2002</inceptionYear>
  
  <description>
    XML parser component of GenJava-Core. 
  </description>
  
  <shortDescription>XML Parser</shortDescription>

  <build>
    <unitTest>
      <resources>
        <resource>
          <directory>src/test/data</directory>
        </resource>
      </resources>
      <includes>
        <include>**/*Test.java</include>
      </includes>
    </unitTest>
  </build>

</project>

