<?xml version="1.0"?>
<project>
  <extend>../project.xml</extend>
  <id>gj-mail</id>
  <name>GenJava-Mail</name>
  <currentVersion>1.0</currentVersion>
  <inceptionYear>2002</inceptionYear>
  
  <description>
    Mail component of GenJava-Core. Adds some helper functionality around JavaMail.
  </description>
  
  <shortDescription>Mail helpers</shortDescription>

  <dependencies>
    <dependency>
      <id>javamail</id>
      <version>1.2</version>
    </dependency>
    <dependency>
      <artifactId>gj-core</artifactId>
      <groupId>genjava</groupId>
      <version>3.0</version>
    </dependency>
    <dependency>
      <id>commons-lang</id>
      <version>2.0</version>
      <url>http://jakarta.apache.org/commons/lang.html</url>
    </dependency>
  </dependencies>

</project>

