<?xml version="1.0"?>
<project>
  
  <pomVersion>3</pomVersion>
  <id>norbert</id>
  <name>norbert</name>
  <currentVersion>0.2</currentVersion>
  <organization>
    <name>OSJava</name>
    <url>http://www.osjava.org/</url>
    <logo>http://www.osjava.org/images/osjava.gif</logo>
  </organization>
  <inceptionYear>2003</inceptionYear>
  <package>org.osjava.norbert</package>
  <logo>http://www.osjava.org/images/1x1.gif</logo>
  
  <description>
  A handler for robots.txt, as described in http://www.robotstxt.org/wc/norobots-rfc.html.
  </description>
  
  <shortDescription>A handler for robots.txt</shortDescription>

  <url>http://www.osjava.org/norbert/</url>
  <issueTrackingUrl>http://www.osjava.org:8080/jira/secure/BrowseProject.jspa?id=10022</issueTrackingUrl>
  <siteAddress>www.generationjava.com/maven/norbert</siteAddress>
  <siteDirectory>/sites/org/osjava/www/maven/norbert/</siteDirectory>
  <distributionDirectory>/sites/org/osjava/www/releases/official/</distributionDirectory>

  <mailingLists>
    <mailingList>
      <name>osjava-users</name>
      <subscribe>http://lists.flamefew.net/mailman/listinfo/osjava-users</subscribe>
      <unsubscribe>http://lists.flamefew.net/mailman/listinfo/osjava-users</unsubscribe>
      <archive>http://lists.flamefew.net/mailman/private/osjava-users/</archive>
    </mailingList>
  </mailingLists>

  <developers>

    <developer>
      <name>Henri Yandell</name>
      <id>hen</id>
      <email>bayard@generationjava.com</email>
      <organization>GenerationJava</organization>
      <roles>
        <role>Java Developer</role>
      </roles>
    </developer>

  </developers>

  <build>

    <nagEmailAddress>bayard@www.generationjava.com</nagEmailAddress>

    <sourceDirectory>src/java</sourceDirectory>

    <unitTestSourceDirectory>src/test</unitTestSourceDirectory>

    <unitTest>
      <includes>
        <include>**/*Test.java</include>
      </includes>
    </unitTest>

  </build>

    <reports>
        <report>maven-jxr-plugin</report>
        <report>maven-javadoc-plugin</report>
        <report>maven-license-plugin</report>
        <report>maven-changes-plugin</report>
    </reports>

</project>

