<?xml version="1.0"?>
<project>
  
  <pomVersion>3</pomVersion>
  <id>oscube</id>
  <name>oscube</name>
  <currentVersion>0.3</currentVersion>
  <organization>
    <name>OSJava</name>
    <url>http://www.osjava.org/</url>
    <logo>http://www.osjava.org/images/osjava.gif</logo>
  </organization>
  <inceptionYear>2003</inceptionYear>
  <package>org.osjava.oscube</package>
  <logo>http://www.osjava.org/images/1x1.gif</logo>
  
  <description>
      OSCube is a framework of sorts. I find myself writing a particular type of application, some kind of job engine, repeatedly and OSCube is the generic version there-of. It uses Simple-JNDI, and therefore really just basic JNDI, as its configuration system, and the Quartz scheduler for Cron-work. 
  </description>
  
  <shortDescription>A container engine</shortDescription>

  <url>http://www.osjava.org/oscube/</url>
  <issueTrackingUrl>http://issues.osjava.org/jira/browse/OSC</issueTrackingUrl>
  <siteAddress>www.generationjava.com/maven/oscube</siteAddress>
  <siteDirectory>/sites/org/osjava/www/maven/oscube/</siteDirectory>
  <distributionDirectory>/sites/org/osjava/www/releases/official/</distributionDirectory>

  <mailingLists>
    <mailingList>
      <name>osjava-users</name>
      <subscribe>http://lists.osjava.org/mailman/listinfo/osjava-users</subscribe>
      <unsubscribe>http://lists.osjava.org/mailman/listinfo/osjava-users</unsubscribe>
      <archive>http://lists.osjava.org/mailman/private/osjava-users/</archive>
    </mailingList>
  </mailingLists>

  <developers>

    <developer>
      <name>Henri Yandell</name>
      <id>hen</id>
      <email>bayard@generationjava.com</email>
      <organization>GenerationJava</organization>
      <roles>
        <role>Java Developer</role>
      </roles>
    </developer>

  </developers>

  
  <dependencies>
    <dependency>
      <id>log4j</id>
      <version>1.2.12</version>
      <url>http://jakarta.apache.org/log4j/</url>
    </dependency>
    <dependency>
      <id>commons-lang</id>
      <version>2.1</version>
      <url>http://jakarta.apache.org/commons/lang.html</url>
    </dependency>
    <dependency>
      <id>commons-collections</id>
      <version>3.1</version>
      <url>http://jakarta.apache.org/commons/</url>
    </dependency>
    <dependency>
      <id>commons-dbutils</id>
      <version>1.0</version>
      <url>http://jakarta.apache.org/commons/</url>
    </dependency>
    <dependency>
      <groupId>genjava</groupId>
      <artifactId>gj-core</artifactId>
      <version>3.1</version>
      <url>http://www.osjava.org/genjava/</url>
      <properties>
        <multidoc.url>http://dist.osjava.org/releases/multidoc-jnr</multidoc.url>
      </properties>
    </dependency>
    <dependency>
      <groupId>genjava</groupId>
      <artifactId>gj-config</artifactId>
      <version>1.1</version>
      <url>http://www.osjava.org/genjava/</url>
      <properties>
        <multidoc.url>http://dist.osjava.org/releases/multidoc-jnr</multidoc.url>
      </properties>
    </dependency>
    <dependency>
      <id>simple-jndi</id>
      <version>0.11</version>
      <url>http://www.osjava.org/simple-jndi/</url>
      <properties>
        <multidoc.url>http://dist.osjava.org/releases/multidoc-jnr</multidoc.url>
      </properties>
    </dependency>
    <dependency>
      <id>quartz</id>
      <version>1.4.5</version>
      <url>http://www.part.net/quartz.html</url>
    </dependency>
  </dependencies>

  <build>

    <nagEmailAddress>bayard@www.generationjava.com</nagEmailAddress>

    <sourceDirectory>src/java</sourceDirectory>

    <!--
    <unitTestSourceDirectory>src/test</unitTestSourceDirectory>

    <unitTest>
      <includes>
        <include>**/*Test.java</include>
      </includes>
    </unitTest>
    -->

  </build>
  <reports>
        <report>maven-jxr-plugin</report>
        <report>maven-javadoc-plugin</report>
        <report>maven-license-plugin</report>
        <report>maven-changes-plugin</report>
  </reports>
</project>

