<?xml version="1.0"?>
<project>
  
  <pomVersion>3</pomVersion>
  <id>scraping-engine</id>
  <name>scraping-engine</name>
  <currentVersion>0.2</currentVersion>
  <organization>
    <name>OSJava</name>
    <url>http://www.osjava.org/</url>
    <logo>http://www.osjava.org/images/osjava.gif</logo>
  </organization>
  <inceptionYear>2003</inceptionYear>
  <package>org.osjava.scraping</package>
  <logo>http://www.osjava.org/images/1x1.gif</logo>
  
  <description>
      A web-scraping engine.
  </description>
  
  <shortDescription>A web-scraping engine</shortDescription>

  <url>http://www.osjava.org/</url>
  <issueTrackingUrl>http://www.osjava.org:8080/jira/secure/BrowseProject.jspa?id=10021</issueTrackingUrl>
  <siteAddress>www.osjava.org/maven/scraping-engine</siteAddress>
  <siteDirectory>/sites/org/osjava/www/maven/scraping-engine/</siteDirectory>
  <distributionDirectory>/sites/org/osjava/www/releases/official/</distributionDirectory>

  <mailingLists>
    <mailingList>
      <name>osjava-users</name>
      <subscribe>http://lists.flamefew.net/mailman/listinfo/osjava-users</subscribe>
      <unsubscribe>http://lists.flamefew.net/mailman/listinfo/osjava-users</unsubscribe>
      <archive>http://lists.flamefew.net/mailman/private/osjava-users/</archive>
    </mailingList>
  </mailingLists>

  <developers>

    <developer>
      <name>Henri Yandell</name>
      <id>hen</id>
      <email>bayard@generationjava.com</email>
      <organization>GenerationJava</organization>
      <roles>
        <role>Java Developer</role>
      </roles>
    </developer>

  </developers>

  
  <dependencies>
    <dependency>
      <id>oscube</id>
      <version>0.1</version>
      <url>http://www.osjava.org/oscube/</url>
    </dependency>
    <dependency>
      <groupId>genjava</groupId>
      <artifactId>gj-config</artifactId>
      <version>1.1</version>
      <url>http://www.osjava.org/genjava/multiproject/gj-config/</url>
    </dependency>
    <dependency>
      <id>log4j</id>
      <version>1.2.7</version>
      <url>http://logging.apache.org/log4j/</url>
    </dependency>
    <dependency>
      <id>commons-lang</id>
      <version>2.0</version>
      <url>http://jakarta.apache.org/commons/</url>
    </dependency>
    <dependency>
      <id>commons-httpclient</id>
      <version>2.0-rc2</version>
      <url>http://jakarta.apache.org/commons/</url>
    </dependency>
    <dependency>
      <groupId>genjava</groupId>
      <artifactId>gj-core</artifactId>
      <version>3.0</version>
      <url>http://www.osjava.org/genjava/multiproject/gj-core/</url>
    </dependency>
    <dependency>
      <groupId>genjava</groupId>
      <artifactId>gj-scrape</artifactId>
      <version>1.0</version>
      <url>http://www.osjava.org/genjava/multiproject/gj-scrape/</url>
    </dependency>
    <dependency>
      <id>norbert</id>
      <version>0.2</version>
      <url>http://www.osjava.org/norbert/</url>
    </dependency>
  </dependencies>

  <build>

    <nagEmailAddress>bayard@www.generationjava.com</nagEmailAddress>

    <sourceDirectory>src/java</sourceDirectory>

    <!--
    <unitTestSourceDirectory>src/test</unitTestSourceDirectory>

    <unitTest>
      <includes>
        <include>**/*Test.java</include>
      </includes>
    </unitTest>
    -->

  </build>
  <reports>
        <report>maven-jxr-plugin</report>
        <report>maven-javadoc-plugin</report>
        <report>maven-license-plugin</report>
        <report>maven-changes-plugin</report>
  </reports>
</project>

